Sample Point Name,sampleDate,dailyStage (m),dailyVolume (ML/day),qualityCode,Comments
LK7DS_620km,01/06/2015 09:00:01,19.260,0,5,No discharge at this sample point (1 Good)
LK7DS_620km,02/06/2015 09:00:01,19.256,0,5,No discharge at this sample point (1 Good)
LK7DS_620km,03/06/2015 09:00:01,19.245,0,5,No discharge at this sample point (1 Good)
LK7DS_620km,04/06/2015 09:00:01,19.239,0,5,No discharge at this sample point (1 Good)
LK7DS_620km,05/06/2015 09:00:01,19.252,0,5,No discharge at this sample point (1 Good)
LK7DS_620km,06/06/2015 09:00:01,19.268,0,5,No discharge at this sample point (1 Good)
LK7DS_620km,07/06/2015 09:00:01,19.292,0,5,No discharge at this sample point (1 Good)
LK7DS_620km,08/06/2015 09:00:01,19.311,0,5,No discharge at this sample point (1 Good)
LK7DS_620km,09/06/2015 09:00:01,19.308,0,5,No discharge at this sample point (1 Good)
LK7DS_620km,10/06/2015 09:00:01,19.304,0,5,No discharge at this sample point (1 Good)
LK7DS_620km,11/06/2015 09:00:01,19.315,0,5,No discharge at this sample point (1 Good)
LK7DS_620km,12/06/2015 09:00:01,19.317,0,5,No discharge at this sample point (1 Good)
LK7DS_620km,13/06/2015 09:00:01,19.303,0,5,No discharge at this sample point (1 Good)
LK7DS_620km,14/06/2015 09:00:01,19.307,0,5,No discharge at this sample point (1 Good)
LK7DS_620km,15/06/2015 09:00:01,19.309,0,5,No discharge at this sample point (1 Good)
LK7DS_620km,16/06/2015 09:00:01,19.305,0,5,No discharge at this sample point (1 Good)
LK7DS_620km,17/06/2015 09:00:01,19.278,0,5,No discharge at this sample point (1 Good)
LK7DS_620km,18/06/2015 09:00:01,19.269,0,5,No discharge at this sample point (1 Good)
LK7DS_620km,19/06/2015 09:00:01,19.292,0,5,No discharge at this sample point (1 Good)
LK7DS_620km,20/06/2015 09:00:01,19.295,0,5,No discharge at this sample point (1 Good)
LK7DS_620km,21/06/2015 09:00:01,19.293,0,5,No discharge at this sample point (1 Good)
LK7DS_620km,22/06/2015 09:00:01,19.303,0,5,No discharge at this sample point (1 Good)
LK7DS_620km,23/06/2015 09:00:01,19.310,0,5,No discharge at this sample point (1 Good)
LK7DS_620km,24/06/2015 09:00:01,19.304,0,5,No discharge at this sample point (1 Good)
LK7DS_620km,25/06/2015 09:00:01,19.298,0,5,No discharge at this sample point (1 Good)
LK7DS_620km,26/06/2015 09:00:01,19.298,0,5,No discharge at this sample point (1 Good)
LK7DS_620km,27/06/2015 09:00:01,19.311,0,5,No discharge at this sample point (1 Good)
LK7DS_620km,28/06/2015 09:00:01,19.320,0,5,No discharge at this sample point (1 Good)
LK7DS_620km,29/06/2015 09:00:01,19.315,0,5,No discharge at this sample point (1 Good)
LK7DS_620km,30/06/2015 09:00:01,19.307,0,5,No discharge at this sample point (1 Good)
LK6DS_563km,01/06/2015 09:00:02,16.297,0,5,No discharge at this sample point (1 Good)
LK6DS_563km,02/06/2015 09:00:02,16.296,0,5,No discharge at this sample point (1 Good)
LK6DS_563km,03/06/2015 09:00:02,16.293,0,5,No discharge at this sample point (1 Good)
LK6DS_563km,04/06/2015 09:00:02,16.291,0,5,No discharge at this sample point (1 Good)
LK6DS_563km,05/06/2015 09:00:02,16.286,0,5,No discharge at this sample point (1 Good)
LK6DS_563km,06/06/2015 09:00:02,16.282,0,5,No discharge at this sample point (1 Good)
LK6DS_563km,07/06/2015 09:00:02,16.290,0,5,No discharge at this sample point (1 Good)
LK6DS_563km,08/06/2015 09:00:02,16.297,0,5,No discharge at this sample point (1 Good)
LK6DS_563km,09/06/2015 09:00:02,16.303,0,5,No discharge at this sample point (1 Good)
LK6DS_563km,10/06/2015 09:00:02,16.303,0,5,No discharge at this sample point (1 Good)
LK6DS_563km,11/06/2015 09:00:02,16.302,0,5,No discharge at this sample point (1 Good)
LK6DS_563km,12/06/2015 09:00:02,16.300,0,5,No discharge at this sample point (1 Good)
LK6DS_563km,13/06/2015 09:00:02,16.301,0,5,No discharge at this sample point (1 Good)
LK6DS_563km,14/06/2015 09:00:02,16.304,0,5,No discharge at this sample point (1 Good)
LK6DS_563km,15/06/2015 09:00:02,16.310,0,5,No discharge at this sample point (1 Good)
LK6DS_563km,16/06/2015 09:00:02,16.320,0,5,No discharge at this sample point (1 Good)
LK6DS_563km,17/06/2015 09:00:02,16.316,0,5,No discharge at this sample point (1 Good)
LK6DS_563km,18/06/2015 09:00:02,16.306,0,5,No discharge at this sample point (1 Good)
LK6DS_563km,19/06/2015 09:00:02,16.298,0,5,No discharge at this sample point (1 Good)
LK6DS_563km,20/06/2015 09:00:02,16.301,0,5,No discharge at this sample point (1 Good)
LK6DS_563km,21/06/2015 09:00:02,16.301,0,5,No discharge at this sample point (1 Good)
LK6DS_563km,22/06/2015 09:00:02,16.303,0,5,No discharge at this sample point (1 Good)
LK6DS_563km,23/06/2015 09:00:02,16.305,0,5,No discharge at this sample point (1 Good)
LK6DS_563km,24/06/2015 09:00:02,16.306,0,5,No discharge at this sample point (1 Good)
LK6DS_563km,25/06/2015 09:00:02,16.305,0,5,No discharge at this sample point (1 Good)
LK6DS_563km,26/06/2015 09:00:02,16.307,0,5,No discharge at this sample point (1 Good)
LK6DS_563km,27/06/2015 09:00:02,16.307,0,5,No discharge at this sample point (1 Good)
LK6DS_563km,28/06/2015 09:00:02,16.310,0,5,No discharge at this sample point (1 Good)
LK6DS_563km,29/06/2015 09:00:02,16.312,0,5,No discharge at this sample point (1 Good)
LK6DS_563km,30/06/2015 09:00:02,16.312,0,5,No discharge at this sample point (1 Good)
LK5DS_516km,01/06/2015 09:00:03,13.194,0,5,No discharge at this sample point (1 Good)
LK5DS_516km,02/06/2015 09:00:03,13.209,0,5,No discharge at this sample point (1 Good)
LK5DS_516km,03/06/2015 09:00:03,13.212,0,5,No discharge at this sample point (1 Good)
LK5DS_516km,04/06/2015 09:00:03,13.215,0,5,No discharge at this sample point (1 Good)
LK5DS_516km,05/06/2015 09:00:03,13.198,0,5,No discharge at this sample point (1 Good)
LK5DS_516km,06/06/2015 09:00:03,13.211,0,5,No discharge at this sample point (1 Good)
LK5DS_516km,07/06/2015 09:00:03,13.219,0,5,No discharge at this sample point (1 Good)
LK5DS_516km,08/06/2015 09:00:03,13.223,0,5,No discharge at this sample point (1 Good)
LK5DS_516km,09/06/2015 09:00:03,13.224,0,5,No discharge at this sample point (1 Good)
LK5DS_516km,10/06/2015 09:00:03,13.232,0,5,No discharge at this sample point (1 Good)
LK5DS_516km,11/06/2015 09:00:03,13.240,0,5,No discharge at this sample point (1 Good)
LK5DS_516km,12/06/2015 09:00:03,13.239,0,5,No discharge at this sample point (1 Good)
LK5DS_516km,13/06/2015 09:00:03,13.240,0,5,No discharge at this sample point (1 Good)
LK5DS_516km,14/06/2015 09:00:03,13.242,0,5,No discharge at this sample point (1 Good)
LK5DS_516km,15/06/2015 09:00:03,13.245,0,5,No discharge at this sample point (1 Good)
LK5DS_516km,16/06/2015 09:00:03,13.258,0,5,No discharge at this sample point (1 Good)
LK5DS_516km,17/06/2015 09:00:03,13.263,0,5,No discharge at this sample point (1 Good)
LK5DS_516km,18/06/2015 09:00:03,13.258,0,5,No discharge at this sample point (1 Good)
LK5DS_516km,19/06/2015 09:00:03,13.246,0,5,No discharge at this sample point (1 Good)
LK5DS_516km,20/06/2015 09:00:03,13.247,0,5,No discharge at this sample point (1 Good)
LK5DS_516km,21/06/2015 09:00:03,13.246,0,5,No discharge at this sample point (1 Good)
LK5DS_516km,22/06/2015 09:00:03,13.249,0,5,No discharge at this sample point (1 Good)
LK5DS_516km,23/06/2015 09:00:03,13.249,0,5,No discharge at this sample point (1 Good)
LK5DS_516km,24/06/2015 09:00:03,13.243,0,5,No discharge at this sample point (1 Good)
LK5DS_516km,25/06/2015 09:00:03,13.243,0,5,No discharge at this sample point (1 Good)
LK5DS_516km,26/06/2015 09:00:03,13.248,0,5,No discharge at this sample point (1 Good)
LK5DS_516km,27/06/2015 09:00:03,13.254,0,5,No discharge at this sample point (1 Good)
LK5DS_516km,28/06/2015 09:00:03,13.254,0,5,No discharge at this sample point (1 Good)
LK5DS_516km,29/06/2015 09:00:03,13.255,0,5,No discharge at this sample point (1 Good)
LK5DS_516km,30/06/2015 09:00:03,13.256,0,5,No discharge at this sample point (1 Good)
LK4DS_431km,01/06/2015 09:00:04,9.787,0,5,No discharge at this sample point (3 Poor)
LK4DS_431km,02/06/2015 09:00:04,9.903,0,5,No discharge at this sample point (3 Poor)
LK4DS_431km,03/06/2015 09:00:04,9.889,0,5,No discharge at this sample point (3 Poor)
LK4DS_431km,04/06/2015 09:00:04,9.810,0,5,No discharge at this sample point (3 Poor)
LK4DS_431km,05/06/2015 09:00:04,9.757,0,5,No discharge at this sample point (3 Poor)
LK4DS_431km,06/06/2015 09:00:04,9.865,0,5,No discharge at this sample point (3 Poor)
LK4DS_431km,07/06/2015 09:00:04,9.850,0,5,No discharge at this sample point (3 Poor)
LK4DS_431km,08/06/2015 09:00:04,9.772,0,5,No discharge at this sample point (3 Poor)
LK4DS_431km,09/06/2015 09:00:04,9.730,0,5,No discharge at this sample point (3 Poor)
LK4DS_431km,10/06/2015 09:00:04,9.880,0,5,No discharge at this sample point (3 Poor)
LK4DS_431km,11/06/2015 09:00:04,9.951,0,5,No discharge at this sample point (3 Poor)
LK4DS_431km,12/06/2015 09:00:04,9.901,0,5,No discharge at this sample point (3 Poor)
LK4DS_431km,13/06/2015 09:00:04,9.842,0,5,No discharge at this sample point (3 Poor)
LK4DS_431km,14/06/2015 09:00:04,9.781,0,5,No discharge at this sample point (3 Poor)
LK4DS_431km,15/06/2015 09:00:04,9.730,0,5,No discharge at this sample point (3 Poor)
LK4DS_431km,16/06/2015 09:00:04,9.666,0,5,No discharge at this sample point (3 Poor)
LK4DS_431km,17/06/2015 09:00:04,9.616,0,5,No discharge at this sample point (3 Poor)
LK4DS_431km,18/06/2015 09:00:04,9.611,0,5,No discharge at this sample point (3 Poor)
LK4DS_431km,19/06/2015 09:00:04,9.681,0,5,No discharge at this sample point (3 Poor)
LK4DS_431km,20/06/2015 09:00:04,9.732,0,5,No discharge at this sample point (3 Poor)
LK4DS_431km,21/06/2015 09:00:04,9.757,0,5,No discharge at this sample point (3 Poor)
LK4DS_431km,22/06/2015 09:00:04,9.705,0,5,No discharge at this sample point (3 Poor)
LK4DS_431km,23/06/2015 09:00:04,9.617,0,5,No discharge at this sample point (3 Poor)
LK4DS_431km,24/06/2015 09:00:04,9.623,0,5,No discharge at this sample point (3 Poor)
LK4DS_431km,25/06/2015 09:00:04,9.743,0,5,No discharge at this sample point (3 Poor)
LK4DS_431km,26/06/2015 09:00:04,9.816,0,5,No discharge at this sample point (3 Poor)
LK4DS_431km,27/06/2015 09:00:04,9.806,0,5,No discharge at this sample point (3 Poor)
LK4DS_431km,28/06/2015 09:00:04,9.817,0,5,No discharge at this sample point (3 Poor)
LK4DS_431km,29/06/2015 09:00:04,9.818,0,5,No discharge at this sample point (3 Poor)
LK4DS_431km,30/06/2015 09:00:04,9.832,0,5,No discharge at this sample point (3 Poor)
LK3DS_361km,01/06/2015 09:00:05,6.111,0,5,No discharge at this sample point (1 Good)
LK3DS_361km,02/06/2015 09:00:05,6.117,0,5,No discharge at this sample point (1 Good)
LK3DS_361km,03/06/2015 09:00:05,6.114,0,5,No discharge at this sample point (1 Good)
LK3DS_361km,04/06/2015 09:00:05,6.111,0,5,No discharge at this sample point (1 Good)
LK3DS_361km,05/06/2015 09:00:05,6.099,0,5,No discharge at this sample point (1 Good)
LK3DS_361km,06/06/2015 09:00:05,6.116,0,5,No discharge at this sample point (1 Good)
LK3DS_361km,07/06/2015 09:00:05,6.116,0,5,No discharge at this sample point (1 Good)
LK3DS_361km,08/06/2015 09:00:05,6.115,0,5,No discharge at this sample point (1 Good)
LK3DS_361km,09/06/2015 09:00:05,6.112,0,5,No discharge at this sample point (1 Good)
LK3DS_361km,10/06/2015 09:00:05,6.122,0,5,No discharge at this sample point (1 Good)
LK3DS_361km,11/06/2015 09:00:05,6.125,0,5,No discharge at this sample point (1 Good)
LK3DS_361km,12/06/2015 09:00:05,6.122,0,5,No discharge at this sample point (1 Good)
LK3DS_361km,13/06/2015 09:00:05,6.121,0,5,No discharge at this sample point (1 Good)
LK3DS_361km,14/06/2015 09:00:05,6.124,0,5,No discharge at this sample point (1 Good)
LK3DS_361km,15/06/2015 09:00:05,6.127,0,5,No discharge at this sample point (1 Good)
LK3DS_361km,16/06/2015 09:00:05,6.132,0,5,No discharge at this sample point (1 Good)
LK3DS_361km,17/06/2015 09:00:05,6.131,0,5,No discharge at this sample point (1 Good)
LK3DS_361km,18/06/2015 09:00:05,6.126,0,5,No discharge at this sample point (1 Good)
LK3DS_361km,19/06/2015 09:00:05,6.125,0,5,No discharge at this sample point (1 Good)
LK3DS_361km,20/06/2015 09:00:05,6.124,0,5,No discharge at this sample point (1 Good)
LK3DS_361km,21/06/2015 09:00:05,6.120,0,5,No discharge at this sample point (1 Good)
LK3DS_361km,22/06/2015 09:00:05,6.117,0,5,No discharge at this sample point (1 Good)
LK3DS_361km,23/06/2015 09:00:05,6.115,0,5,No discharge at this sample point (1 Good)
LK3DS_361km,24/06/2015 09:00:05,6.117,0,5,No discharge at this sample point (1 Good)
LK3DS_361km,25/06/2015 09:00:05,6.117,0,5,No discharge at this sample point (1 Good)
LK3DS_361km,26/06/2015 09:00:05,6.117,0,5,No discharge at this sample point (1 Good)
LK3DS_361km,27/06/2015 09:00:05,6.116,0,5,No discharge at this sample point (1 Good)
LK3DS_361km,28/06/2015 09:00:05,6.115,0,5,No discharge at this sample point (1 Good)
LK3DS_361km,29/06/2015 09:00:05,6.115,0,5,No discharge at this sample point (1 Good)
LK3DS_361km,30/06/2015 09:00:05,6.113,0,5,No discharge at this sample point (1 Good)
LK2DS_274km,01/06/2015 09:00:06,3.108,0,5,No discharge at this sample point (1 Good)
LK2DS_274km,02/06/2015 09:00:06,3.115,0,5,No discharge at this sample point (1 Good)
LK2DS_274km,03/06/2015 09:00:06,3.114,0,5,No discharge at this sample point (1 Good)
LK2DS_274km,04/06/2015 09:00:06,3.115,0,5,No discharge at this sample point (1 Good)
LK2DS_274km,05/06/2015 09:00:06,3.097,0,5,No discharge at this sample point (1 Good)
LK2DS_274km,06/06/2015 09:00:06,3.100,0,5,No discharge at this sample point (1 Good)
LK2DS_274km,07/06/2015 09:00:06,3.111,0,5,No discharge at this sample point (1 Good)
LK2DS_274km,08/06/2015 09:00:06,3.107,0,5,No discharge at this sample point (1 Good)
LK2DS_274km,09/06/2015 09:00:06,3.101,0,5,No discharge at this sample point (1 Good)
LK2DS_274km,10/06/2015 09:00:06,3.100,0,5,No discharge at this sample point (1 Good)
LK2DS_274km,11/06/2015 09:00:06,3.112,0,5,No discharge at this sample point (1 Good)
LK2DS_274km,12/06/2015 09:00:06,3.118,0,5,No discharge at this sample point (1 Good)
LK2DS_274km,13/06/2015 09:00:06,3.121,0,5,No discharge at this sample point (1 Good)
LK2DS_274km,14/06/2015 09:00:06,3.122,0,5,No discharge at this sample point (1 Good)
LK2DS_274km,15/06/2015 09:00:06,3.124,0,5,No discharge at this sample point (1 Good)
LK2DS_274km,16/06/2015 09:00:06,3.135,0,5,No discharge at this sample point (1 Good)
LK2DS_274km,17/06/2015 09:00:06,3.140,0,5,No discharge at this sample point (1 Good)
LK2DS_274km,18/06/2015 09:00:06,3.126,0,5,No discharge at this sample point (1 Good)
LK2DS_274km,19/06/2015 09:00:06,3.115,0,5,No discharge at this sample point (1 Good)
LK2DS_274km,20/06/2015 09:00:06,3.115,0,5,No discharge at this sample point (1 Good)
LK2DS_274km,21/06/2015 09:00:06,3.109,0,5,No discharge at this sample point (1 Good)
LK2DS_274km,22/06/2015 09:00:06,3.108,0,5,No discharge at this sample point (1 Good)
LK2DS_274km,23/06/2015 09:00:06,3.109,0,5,No discharge at this sample point (1 Good)
LK2DS_274km,24/06/2015 09:00:06,3.102,0,5,No discharge at this sample point (1 Good)
LK2DS_274km,25/06/2015 09:00:06,3.100,0,5,No discharge at this sample point (1 Good)
LK2DS_274km,26/06/2015 09:00:06,3.116,0,5,No discharge at this sample point (1 Good)
LK2DS_274km,27/06/2015 09:00:06,3.118,0,5,No discharge at this sample point (1 Good)
LK2DS_274km,28/06/2015 09:00:06,3.113,0,5,No discharge at this sample point (1 Good)
LK2DS_274km,29/06/2015 09:00:06,3.113,0,5,No discharge at this sample point (1 Good)
LK2DS_274km,30/06/2015 09:00:06,3.115,0,5,No discharge at this sample point (1 Good)
LK5DS_537km,01/06/2015 09:00:07,13.229,0,5,No discharge at this sample point (1 Good)
LK5DS_537km,02/06/2015 09:00:07,13.238,0,5,No discharge at this sample point (1 Good)
LK5DS_537km,03/06/2015 09:00:07,13.239,0,5,No discharge at this sample point (1 Good)
LK5DS_537km,04/06/2015 09:00:07,13.238,0,5,No discharge at this sample point (1 Good)
LK5DS_537km,05/06/2015 09:00:07,13.230,0,5,No discharge at this sample point (1 Good)
LK5DS_537km,06/06/2015 09:00:07,13.238,0,5,No discharge at this sample point (1 Good)
LK5DS_537km,07/06/2015 09:00:07,13.239,0,5,No discharge at this sample point (1 Good)
LK5DS_537km,08/06/2015 09:00:07,13.242,0,5,No discharge at this sample point (1 Good)
LK5DS_537km,09/06/2015 09:00:07,13.245,0,5,No discharge at this sample point (1 Good)
LK5DS_537km,10/06/2015 09:00:07,13.254,0,5,No discharge at this sample point (1 Good)
LK5DS_537km,11/06/2015 09:00:07,13.257,0,5,No discharge at this sample point (1 Good)
LK5DS_537km,12/06/2015 09:00:07,13.254,0,5,No discharge at this sample point (1 Good)
LK5DS_537km,13/06/2015 09:00:07,13.253,0,5,No discharge at this sample point (1 Good)
LK5DS_537km,14/06/2015 09:00:07,13.253,0,5,No discharge at this sample point (1 Good)
LK5DS_537km,15/06/2015 09:00:07,13.256,0,5,No discharge at this sample point (1 Good)
LK5DS_537km,16/06/2015 09:00:07,13.265,0,5,No discharge at this sample point (1 Good)
LK5DS_537km,17/06/2015 09:00:07,13.269,0,5,No discharge at this sample point (1 Good)
LK5DS_537km,18/06/2015 09:00:07,13.267,0,5,No discharge at this sample point (1 Good)
LK5DS_537km,19/06/2015 09:00:07,13.261,0,5,No discharge at this sample point (1 Good)
LK5DS_537km,20/06/2015 09:00:07,13.259,0,5,No discharge at this sample point (1 Good)
LK5DS_537km,21/06/2015 09:00:07,13.256,0,5,No discharge at this sample point (1 Good)
LK5DS_537km,22/06/2015 09:00:07,13.254,0,5,No discharge at this sample point (1 Good)
LK5DS_537km,23/06/2015 09:00:07,13.252,0,5,No discharge at this sample point (1 Good)
LK5DS_537km,24/06/2015 09:00:07,13.253,0,5,No discharge at this sample point (1 Good)
LK5DS_537km,25/06/2015 09:00:07,13.255,0,5,No discharge at this sample point (1 Good)
LK5DS_537km,26/06/2015 09:00:07,13.257,0,5,No discharge at this sample point (1 Good)
LK5DS_537km,27/06/2015 09:00:07,13.260,0,5,No discharge at this sample point (1 Good)
LK5DS_537km,28/06/2015 09:00:07,13.258,0,5,No discharge at this sample point (1 Good)
LK5DS_537km,29/06/2015 09:00:07,13.258,0,5,No discharge at this sample point (1 Good)
LK5DS_537km,30/06/2015 09:00:07,13.259,0,5,No discharge at this sample point (1 Good)
LK5DS_526km,01/06/2015 09:00:08,13.211,0,5,No discharge at this sample point (1 Good)
LK5DS_526km,02/06/2015 09:00:08,13.218,0,5,No discharge at this sample point (1 Good)
LK5DS_526km,03/06/2015 09:00:08,13.220,0,5,No discharge at this sample point (1 Good)
LK5DS_526km,04/06/2015 09:00:08,13.222,0,5,No discharge at this sample point (1 Good)
LK5DS_526km,05/06/2015 09:00:08,13.212,0,5,No discharge at this sample point (1 Good)
LK5DS_526km,06/06/2015 09:00:08,13.218,0,5,No discharge at this sample point (1 Good)
LK5DS_526km,07/06/2015 09:00:08,13.221,0,5,No discharge at this sample point (1 Good)
LK5DS_526km,08/06/2015 09:00:08,13.225,0,5,No discharge at this sample point (1 Good)
LK5DS_526km,09/06/2015 09:00:08,13.226,0,5,No discharge at this sample point (1 Good)
LK5DS_526km,10/06/2015 09:00:08,13.229,0,5,No discharge at this sample point (1 Good)
LK5DS_526km,11/06/2015 09:00:08,13.233,0,5,No discharge at this sample point (1 Good)
LK5DS_526km,12/06/2015 09:00:08,13.231,0,5,No discharge at this sample point (1 Good)
LK5DS_526km,13/06/2015 09:00:08,13.231,0,5,No discharge at this sample point (1 Good)
LK5DS_526km,14/06/2015 09:00:08,13.232,0,5,No discharge at this sample point (1 Good)
LK5DS_526km,15/06/2015 09:00:08,13.235,0,5,No discharge at this sample point (1 Good)
LK5DS_526km,16/06/2015 09:00:08,13.244,0,5,No discharge at this sample point (1 Good)
LK5DS_526km,17/06/2015 09:00:08,13.249,0,5,No discharge at this sample point (1 Good)
LK5DS_526km,18/06/2015 09:00:08,13.245,0,5,No discharge at this sample point (1 Good)
LK5DS_526km,19/06/2015 09:00:08,13.235,0,5,No discharge at this sample point (1 Good)
LK5DS_526km,20/06/2015 09:00:08,13.233,0,5,No discharge at this sample point (1 Good)
LK5DS_526km,21/06/2015 09:00:08,13.231,0,5,No discharge at this sample point (1 Good)
LK5DS_526km,22/06/2015 09:00:08,13.231,0,5,No discharge at this sample point (1 Good)
LK5DS_526km,23/06/2015 09:00:08,13.231,0,5,No discharge at this sample point (1 Good)
LK5DS_526km,24/06/2015 09:00:08,13.228,0,5,No discharge at this sample point (1 Good)
LK5DS_526km,25/06/2015 09:00:08,13.228,0,5,No discharge at this sample point (1 Good)
LK5DS_526km,26/06/2015 09:00:08,13.230,0,5,No discharge at this sample point (1 Good)
LK5DS_526km,27/06/2015 09:00:08,13.233,0,5,No discharge at this sample point (1 Good)
LK5DS_526km,28/06/2015 09:00:08,13.232,0,5,No discharge at this sample point (1 Good)
LK5DS_526km,29/06/2015 09:00:08,13.233,0,5,No discharge at this sample point (1 Good)
LK5DS_526km,30/06/2015 09:00:08,13.234,0,5,No discharge at this sample point (1 Good)
L4DS_505km,01/06/2015 09:00:09,10.097,0,5,No discharge at this sample point (1 Good)
L4DS_505km,02/06/2015 09:00:09,10.084,0,5,No discharge at this sample point (1 Good)
L4DS_505km,03/06/2015 09:00:09,10.085,0,5,No discharge at this sample point (1 Good)
L4DS_505km,04/06/2015 09:00:09,10.083,0,5,No discharge at this sample point (1 Good)
L4DS_505km,05/06/2015 09:00:09,10.067,0,5,No discharge at this sample point (1 Good)
L4DS_505km,06/06/2015 09:00:09,10.042,0,5,No discharge at this sample point (1 Good)
L4DS_505km,07/06/2015 09:00:09,10.046,0,5,No discharge at this sample point (1 Good)
L4DS_505km,08/06/2015 09:00:09,10.048,0,5,No discharge at this sample point (1 Good)
L4DS_505km,09/06/2015 09:00:09,10.056,0,5,No discharge at this sample point (1 Good)
L4DS_505km,10/06/2015 09:00:09,10.056,0,5,No discharge at this sample point (1 Good)
L4DS_505km,11/06/2015 09:00:09,10.055,0,5,No discharge at this sample point (1 Good)
L4DS_505km,12/06/2015 09:00:09,10.057,0,5,No discharge at this sample point (1 Good)
L4DS_505km,13/06/2015 09:00:09,10.059,0,5,No discharge at this sample point (1 Good)
L4DS_505km,14/06/2015 09:00:09,10.059,0,5,No discharge at this sample point (1 Good)
L4DS_505km,15/06/2015 09:00:09,10.063,0,5,No discharge at this sample point (1 Good)
L4DS_505km,16/06/2015 09:00:09,10.076,0,5,No discharge at this sample point (1 Good)
L4DS_505km,17/06/2015 09:00:09,10.085,0,5,No discharge at this sample point (1 Good)
L4DS_505km,18/06/2015 09:00:09,10.089,0,5,No discharge at this sample point (1 Good)
L4DS_505km,19/06/2015 09:00:09,10.080,0,5,No discharge at this sample point (1 Good)
L4DS_505km,20/06/2015 09:00:09,10.074,0,5,No discharge at this sample point (1 Good)
L4DS_505km,21/06/2015 09:00:09,10.072,0,5,No discharge at this sample point (1 Good)
L4DS_505km,22/06/2015 09:00:09,10.072,0,5,No discharge at this sample point (1 Good)
L4DS_505km,23/06/2015 09:00:09,10.074,0,5,No discharge at this sample point (1 Good)
L4DS_505km,24/06/2015 09:00:09,10.070,0,5,No discharge at this sample point (1 Good)
L4DS_505km,25/06/2015 09:00:09,10.072,0,5,No discharge at this sample point (1 Good)
L4DS_505km,26/06/2015 09:00:09,10.071,0,5,No discharge at this sample point (1 Good)
L4DS_505km,27/06/2015 09:00:09,10.075,0,5,No discharge at this sample point (1 Good)
L4DS_505km,28/06/2015 09:00:09,10.075,0,5,No discharge at this sample point (1 Good)
L4DS_505km,29/06/2015 09:00:09,10.072,0,5,No discharge at this sample point (1 Good)
L4DS_505km,30/06/2015 09:00:09,10.075,0,5,No discharge at this sample point (1 Good)
L4DS_494km,01/06/2015 09:00:10,10.030,0,5,No discharge at this sample point (1 Good)
L4DS_494km,02/06/2015 09:00:10,10.013,0,5,No discharge at this sample point (1 Good)
L4DS_494km,03/06/2015 09:00:10,10.013,0,5,No discharge at this sample point (1 Good)
L4DS_494km,04/06/2015 09:00:10,10.012,0,5,No discharge at this sample point (1 Good)
L4DS_494km,05/06/2015 09:00:10,10.013,0,5,No discharge at this sample point (1 Good)
L4DS_494km,06/06/2015 09:00:10, 9.988,0,5,No discharge at this sample point (1 Good)
L4DS_494km,07/06/2015 09:00:10, 9.991,0,5,No discharge at this sample point (1 Good)
L4DS_494km,08/06/2015 09:00:10, 9.994,0,5,No discharge at this sample point (1 Good)
L4DS_494km,09/06/2015 09:00:10,10.002,0,5,No discharge at this sample point (1 Good)
L4DS_494km,10/06/2015 09:00:10, 9.997,0,5,No discharge at this sample point (1 Good)
L4DS_494km,11/06/2015 09:00:10, 9.992,0,5,No discharge at this sample point (1 Good)
L4DS_494km,12/06/2015 09:00:10, 9.995,0,5,No discharge at this sample point (1 Good)
L4DS_494km,13/06/2015 09:00:10, 9.997,0,5,No discharge at this sample point (1 Good)
L4DS_494km,14/06/2015 09:00:10, 9.998,0,5,No discharge at this sample point (1 Good)
L4DS_494km,15/06/2015 09:00:10,10.000,0,5,No discharge at this sample point (1 Good)
L4DS_494km,16/06/2015 09:00:10,10.010,0,5,No discharge at this sample point (1 Good)
L4DS_494km,17/06/2015 09:00:10,10.018,0,5,No discharge at this sample point (1 Good)
L4DS_494km,18/06/2015 09:00:10,10.023,0,5,No discharge at this sample point (1 Good)
L4DS_494km,19/06/2015 09:00:10,10.018,0,5,No discharge at this sample point (1 Good)
L4DS_494km,20/06/2015 09:00:10,10.013,0,5,No discharge at this sample point (1 Good)
L4DS_494km,21/06/2015 09:00:10,10.015,0,5,No discharge at this sample point (1 Good)
L4DS_494km,22/06/2015 09:00:10,10.017,0,5,No discharge at this sample point (1 Good)
L4DS_494km,23/06/2015 09:00:10,10.021,0,5,No discharge at this sample point (1 Good)
L4DS_494km,24/06/2015 09:00:10,10.016,0,5,No discharge at this sample point (1 Good)
L4DS_494km,25/06/2015 09:00:10,10.016,0,5,No discharge at this sample point (1 Good)
L4DS_494km,26/06/2015 09:00:10,10.014,0,5,No discharge at this sample point (1 Good)
L4DS_494km,27/06/2015 09:00:10,10.015,0,5,No discharge at this sample point (1 Good)
L4DS_494km,28/06/2015 09:00:10,10.016,0,5,No discharge at this sample point (1 Good)
L4DS_494km,29/06/2015 09:00:10,10.013,0,5,No discharge at this sample point (1 Good)
L4DS_494km,30/06/2015 09:00:10,10.016,0,5,No discharge at this sample point (1 Good)
LK3DS_417km,01/06/2015 09:00:11,6.217,0,5,No discharge at this sample point (1 Good)
LK3DS_417km,02/06/2015 09:00:11,6.202,0,5,No discharge at this sample point (1 Good)
LK3DS_417km,03/06/2015 09:00:11,6.198,0,5,No discharge at this sample point (1 Good)
LK3DS_417km,04/06/2015 09:00:11,6.195,0,5,No discharge at this sample point (1 Good)
LK3DS_417km,05/06/2015 09:00:11,6.214,0,5,No discharge at this sample point (1 Good)
LK3DS_417km,06/06/2015 09:00:11,6.198,0,5,No discharge at this sample point (1 Good)
LK3DS_417km,07/06/2015 09:00:11,6.192,0,5,No discharge at this sample point (1 Good)
LK3DS_417km,08/06/2015 09:00:11,6.195,0,5,No discharge at this sample point (1 Good)
LK3DS_417km,09/06/2015 09:00:11,6.205,0,5,No discharge at this sample point (1 Good)
LK3DS_417km,10/06/2015 09:00:11,6.202,0,5,No discharge at this sample point (1 Good)
LK3DS_417km,11/06/2015 09:00:11,6.194,0,5,No discharge at this sample point (1 Good)
LK3DS_417km,12/06/2015 09:00:11,6.194,0,5,No discharge at this sample point (1 Good)
LK3DS_417km,13/06/2015 09:00:11,6.194,0,5,No discharge at this sample point (1 Good)
LK3DS_417km,14/06/2015 09:00:11,6.194,0,5,No discharge at this sample point (1 Good)
LK3DS_417km,15/06/2015 09:00:11,6.203,0,5,No discharge at this sample point (1 Good)
LK3DS_417km,16/06/2015 09:00:11,6.211,0,5,No discharge at this sample point (1 Good)
LK3DS_417km,17/06/2015 09:00:11,6.216,0,5,No discharge at this sample point (1 Good)
LK3DS_417km,18/06/2015 09:00:11,6.215,0,5,No discharge at this sample point (1 Good)
LK3DS_417km,19/06/2015 09:00:11,6.214,0,5,No discharge at this sample point (1 Good)
LK3DS_417km,20/06/2015 09:00:11,6.205,0,5,No discharge at this sample point (1 Good)
LK3DS_417km,21/06/2015 09:00:11,6.200,0,5,No discharge at this sample point (1 Good)
LK3DS_417km,22/06/2015 09:00:11,6.193,0,5,No discharge at this sample point (1 Good)
LK3DS_417km,23/06/2015 09:00:11,6.189,0,5,No discharge at this sample point (1 Good)
LK3DS_417km,24/06/2015 09:00:11,6.199,0,5,No discharge at this sample point (1 Good)
LK3DS_417km,25/06/2015 09:00:11,6.205,0,5,No discharge at this sample point (1 Good)
LK3DS_417km,26/06/2015 09:00:11,6.202,0,5,No discharge at this sample point (1 Good)
LK3DS_417km,27/06/2015 09:00:11,6.197,0,5,No discharge at this sample point (1 Good)
LK3DS_417km,28/06/2015 09:00:11,6.196,0,5,No discharge at this sample point (1 Good)
LK3DS_417km,29/06/2015 09:00:11,6.193,0,5,No discharge at this sample point (1 Good)
LK3DS_417km,30/06/2015 09:00:11,6.194,0,5,No discharge at this sample point (1 Good)
LK2DS_316km,01/06/2015 09:00:12,3.164,0,5,No discharge at this sample point (1 Good)
LK2DS_316km,02/06/2015 09:00:12,3.166,0,5,No discharge at this sample point (1 Good)
LK2DS_316km,03/06/2015 09:00:12,3.163,0,5,No discharge at this sample point (1 Good)
LK2DS_316km,04/06/2015 09:00:12,3.159,0,5,No discharge at this sample point (1 Good)
LK2DS_316km,05/06/2015 09:00:12,3.152,0,5,No discharge at this sample point (1 Good)
LK2DS_316km,06/06/2015 09:00:12,3.155,0,5,No discharge at this sample point (1 Good)
LK2DS_316km,07/06/2015 09:00:12,3.151,0,5,No discharge at this sample point (1 Good)
LK2DS_316km,08/06/2015 09:00:12,3.146,0,5,No discharge at this sample point (1 Good)
LK2DS_316km,09/06/2015 09:00:12,3.147,0,5,No discharge at this sample point (1 Good)
LK2DS_316km,10/06/2015 09:00:12,3.163,0,5,No discharge at this sample point (1 Good)
LK2DS_316km,11/06/2015 09:00:12,3.166,0,5,No discharge at this sample point (1 Good)
LK2DS_316km,12/06/2015 09:00:12,3.164,0,5,No discharge at this sample point (1 Good)
LK2DS_316km,13/06/2015 09:00:12,3.163,0,5,No discharge at this sample point (1 Good)
LK2DS_316km,14/06/2015 09:00:12,3.163,0,5,No discharge at this sample point (1 Good)
LK2DS_316km,15/06/2015 09:00:12,3.166,0,5,No discharge at this sample point (1 Good)
LK2DS_316km,16/06/2015 09:00:12,3.170,0,5,No discharge at this sample point (1 Good)
LK2DS_316km,17/06/2015 09:00:12,3.182,0,5,No discharge at this sample point (1 Good)
LK2DS_316km,18/06/2015 09:00:12,3.174,0,5,No discharge at this sample point (1 Good)
LK2DS_316km,19/06/2015 09:00:12,3.173,0,5,No discharge at this sample point (1 Good)
LK2DS_316km,20/06/2015 09:00:12,3.166,0,5,No discharge at this sample point (1 Good)
LK2DS_316km,21/06/2015 09:00:12,3.159,0,5,No discharge at this sample point (1 Good)
LK2DS_316km,22/06/2015 09:00:12,3.146,0,5,No discharge at this sample point (1 Good)
LK2DS_316km,23/06/2015 09:00:12,3.139,0,5,No discharge at this sample point (1 Good)
LK2DS_316km,24/06/2015 09:00:12,3.152,0,5,No discharge at this sample point (1 Good)
LK2DS_316km,25/06/2015 09:00:12,3.162,0,5,No discharge at this sample point (1 Good)
LK2DS_316km,26/06/2015 09:00:12,3.162,0,5,No discharge at this sample point (1 Good)
LK2DS_316km,27/06/2015 09:00:12,3.160,0,5,No discharge at this sample point (1 Good)
LK2DS_316km,28/06/2015 09:00:12,3.160,0,5,No discharge at this sample point (1 Good)
LK2DS_316km,29/06/2015 09:00:12,3.160,0,5,No discharge at this sample point (1 Good)
LK2DS_316km,30/06/2015 09:00:12,3.160,0,5,No discharge at this sample point (1 Good)
LK1DS_254km,01/06/2015 09:00:13,0.669,0,5,No discharge at this sample point (1 Good)
LK1DS_254km,02/06/2015 09:00:13,0.615,0,5,No discharge at this sample point (1 Good)
LK1DS_254km,03/06/2015 09:00:13,0.609,0,5,No discharge at this sample point (1 Good)
LK1DS_254km,04/06/2015 09:00:13,0.574,0,5,No discharge at this sample point (1 Good)
LK1DS_254km,05/06/2015 09:00:13,0.654,0,5,No discharge at this sample point (1 Good)
LK1DS_254km,06/06/2015 09:00:13,0.621,0,5,No discharge at this sample point (1 Good)
LK1DS_254km,07/06/2015 09:00:13,0.558,0,5,No discharge at this sample point (1 Good)
LK1DS_254km,08/06/2015 09:00:13,0.570,0,5,No discharge at this sample point (1 Good)
LK1DS_254km,09/06/2015 09:00:13,0.616,0,5,No discharge at this sample point (1 Good)
LK1DS_254km,10/06/2015 09:00:13,0.660,0,5,No discharge at this sample point (1 Good)
LK1DS_254km,11/06/2015 09:00:13,0.616,0,5,No discharge at this sample point (1 Good)
LK1DS_254km,12/06/2015 09:00:13,0.613,0,5,No discharge at this sample point (1 Good)
LK1DS_254km,13/06/2015 09:00:13,0.587,0,5,No discharge at this sample point (1 Good)
LK1DS_254km,14/06/2015 09:00:13,0.586,0,5,No discharge at this sample point (1 Good)
LK1DS_254km,15/06/2015 09:00:13,0.595,0,5,No discharge at this sample point (1 Good)
LK1DS_254km,16/06/2015 09:00:13,0.615,0,5,No discharge at this sample point (1 Good)
LK1DS_254km,17/06/2015 09:00:13,0.619,0,5,No discharge at this sample point (1 Good)
LK1DS_254km,18/06/2015 09:00:13,0.657,0,5,No discharge at this sample point (1 Good)
LK1DS_254km,19/06/2015 09:00:13,0.698,0,5,No discharge at this sample point (1 Good)
LK1DS_254km,20/06/2015 09:00:13,0.638,0,5,No discharge at this sample point (1 Good)
LK1DS_254km,21/06/2015 09:00:13,0.620,0,5,No discharge at this sample point (1 Good)
LK1DS_254km,22/06/2015 09:00:13,0.529,0,5,No discharge at this sample point (1 Good)
LK1DS_254km,23/06/2015 09:00:13,0.484,0,5,No discharge at this sample point (1 Good)
LK1DS_254km,24/06/2015 09:00:13,0.612,0,5,No discharge at this sample point (1 Good)
LK1DS_254km,25/06/2015 09:00:13,0.685,0,5,No discharge at this sample point (1 Good)
LK1DS_254km,26/06/2015 09:00:13,0.638,0,5,No discharge at this sample point (1 Good)
LK1DS_254km,27/06/2015 09:00:13,0.614,0,5,No discharge at this sample point (1 Good)
LK1DS_254km,28/06/2015 09:00:13,0.626,0,5,No discharge at this sample point (1 Good)
LK1DS_254km,29/06/2015 09:00:13,0.618,0,5,No discharge at this sample point (1 Good)
LK1DS_254km,30/06/2015 09:00:13,0.630,0,5,No discharge at this sample point (1 Good)
LK1DS_207km,01/06/2015 09:00:14,0.714,0,5,No discharge at this sample point (1 Good)
LK1DS_207km,02/06/2015 09:00:14,0.665,0,5,No discharge at this sample point (1 Good)
LK1DS_207km,03/06/2015 09:00:14,0.659,0,5,No discharge at this sample point (1 Good)
LK1DS_207km,04/06/2015 09:00:14,0.626,0,5,No discharge at this sample point (1 Good)
LK1DS_207km,05/06/2015 09:00:14,0.721,0,5,No discharge at this sample point (1 Good)
LK1DS_207km,06/06/2015 09:00:14,0.683,0,5,No discharge at this sample point (1 Good)
LK1DS_207km,07/06/2015 09:00:14,0.632,0,5,No discharge at this sample point (1 Good)
LK1DS_207km,08/06/2015 09:00:14,0.647,0,5,No discharge at this sample point (1 Good)
LK1DS_207km,09/06/2015 09:00:14,0.689,0,5,No discharge at this sample point (1 Good)
LK1DS_207km,10/06/2015 09:00:14,0.718,0,5,No discharge at this sample point (1 Good)
LK1DS_207km,11/06/2015 09:00:14,0.682,0,5,No discharge at this sample point (1 Good)
LK1DS_207km,12/06/2015 09:00:14,0.680,0,5,No discharge at this sample point (1 Good)
LK1DS_207km,13/06/2015 09:00:14,0.659,0,5,No discharge at this sample point (1 Good)
LK1DS_207km,14/06/2015 09:00:14,0.658,0,5,No discharge at this sample point (1 Good)
LK1DS_207km,15/06/2015 09:00:14,0.667,0,5,No discharge at this sample point (1 Good)
LK1DS_207km,16/06/2015 09:00:14,0.686,0,5,No discharge at this sample point (1 Good)
LK1DS_207km,17/06/2015 09:00:14,0.691,0,5,No discharge at this sample point (1 Good)
LK1DS_207km,18/06/2015 09:00:14,0.721,0,5,No discharge at this sample point (1 Good)
LK1DS_207km,19/06/2015 09:00:14,0.757,0,5,No discharge at this sample point (1 Good)
LK1DS_207km,20/06/2015 09:00:14,0.702,0,5,No discharge at this sample point (1 Good)
LK1DS_207km,21/06/2015 09:00:14,0.689,0,5,No discharge at this sample point (1 Good)
LK1DS_207km,22/06/2015 09:00:14,0.596,0,5,No discharge at this sample point (1 Good)
LK1DS_207km,23/06/2015 09:00:14,0.569,0,5,No discharge at this sample point (1 Good)
LK1DS_207km,24/06/2015 09:00:14,0.687,0,5,No discharge at this sample point (1 Good)
LK1DS_207km,25/06/2015 09:00:14,0.747,0,5,No discharge at this sample point (1 Good)
LK1DS_207km,26/06/2015 09:00:14,0.705,0,5,No discharge at this sample point (1 Good)
LK1DS_207km,27/06/2015 09:00:14,0.688,0,5,No discharge at this sample point (1 Good)
LK1DS_207km,28/06/2015 09:00:14,0.694,0,5,No discharge at this sample point (1 Good)
LK1DS_207km,29/06/2015 09:00:14,0.692,0,5,No discharge at this sample point (1 Good)
LK1DS_207km,30/06/2015 09:00:14,0.703,0,5,No discharge at this sample point (1 Good)
LK1DS_150km,01/06/2015 09:00:15,0.668,0,5,No discharge at this sample point (1 Good)
LK1DS_150km,02/06/2015 09:00:15,0.633,0,5,No discharge at this sample point (1 Good)
LK1DS_150km,03/06/2015 09:00:15,0.628,0,5,No discharge at this sample point (1 Good)
LK1DS_150km,04/06/2015 09:00:15,0.596,0,5,No discharge at this sample point (1 Good)
LK1DS_150km,05/06/2015 09:00:15,0.684,0,5,No discharge at this sample point (1 Good)
LK1DS_150km,06/06/2015 09:00:15,0.644,0,5,No discharge at this sample point (1 Good)
LK1DS_150km,07/06/2015 09:00:15,0.608,0,5,No discharge at this sample point (1 Good)
LK1DS_150km,08/06/2015 09:00:15,0.622,0,5,No discharge at this sample point (1 Good)
LK1DS_150km,09/06/2015 09:00:15,0.658,0,5,No discharge at this sample point (1 Good)
LK1DS_150km,10/06/2015 09:00:15,0.671,0,5,No discharge at this sample point (1 Good)
LK1DS_150km,11/06/2015 09:00:15,0.646,0,5,No discharge at this sample point (1 Good)
LK1DS_150km,12/06/2015 09:00:15,0.646,0,5,No discharge at this sample point (1 Good)
LK1DS_150km,13/06/2015 09:00:15,0.630,0,5,No discharge at this sample point (1 Good)
LK1DS_150km,14/06/2015 09:00:15,0.628,0,5,No discharge at this sample point (1 Good)
LK1DS_150km,15/06/2015 09:00:15,0.639,0,5,No discharge at this sample point (1 Good)
LK1DS_150km,16/06/2015 09:00:15,0.655,0,5,No discharge at this sample point (1 Good)
LK1DS_150km,17/06/2015 09:00:15,0.661,0,5,No discharge at this sample point (1 Good)
LK1DS_150km,18/06/2015 09:00:15,0.683,0,5,No discharge at this sample point (1 Good)
LK1DS_150km,19/06/2015 09:00:15,0.714,0,5,No discharge at this sample point (1 Good)
LK1DS_150km,20/06/2015 09:00:15,0.665,0,5,No discharge at this sample point (1 Good)
LK1DS_150km,21/06/2015 09:00:15,0.654,0,5,No discharge at this sample point (1 Good)
LK1DS_150km,22/06/2015 09:00:15,0.569,0,5,No discharge at this sample point (1 Good)
LK1DS_150km,23/06/2015 09:00:15,0.556,0,5,No discharge at this sample point (1 Good)
LK1DS_150km,24/06/2015 09:00:15,0.657,0,5,No discharge at this sample point (1 Good)
LK1DS_150km,25/06/2015 09:00:15,0.704,0,5,No discharge at this sample point (1 Good)
LK1DS_150km,26/06/2015 09:00:15,0.671,0,5,No discharge at this sample point (1 Good)
LK1DS_150km,27/06/2015 09:00:15,0.658,0,5,No discharge at this sample point (1 Good)
LK1DS_150km,28/06/2015 09:00:15,0.662,0,5,No discharge at this sample point (1 Good)
LK1DS_150km,29/06/2015 09:00:15,0.662,0,5,No discharge at this sample point (1 Good)
LK1DS_150km,30/06/2015 09:00:15,0.672,0,5,No discharge at this sample point (1 Good)
LK1DS_ 112km,01/06/2015 09:00:16,0.620,0,5,No discharge at this sample point (1 Good)
LK1DS_ 112km,02/06/2015 09:00:16,0.590,0,5,No discharge at this sample point (1 Good)
LK1DS_ 112km,03/06/2015 09:00:16,0.586,0,5,No discharge at this sample point (1 Good)
LK1DS_ 112km,04/06/2015 09:00:16,0.559,0,5,No discharge at this sample point (1 Good)
LK1DS_ 112km,05/06/2015 09:00:16,0.647,0,5,No discharge at this sample point (1 Good)
LK1DS_ 112km,06/06/2015 09:00:16,0.599,0,5,No discharge at this sample point (1 Good)
LK1DS_ 112km,07/06/2015 09:00:16,0.573,0,5,No discharge at this sample point (1 Good)
LK1DS_ 112km,08/06/2015 09:00:16,0.587,0,5,No discharge at this sample point (1 Good)
LK1DS_ 112km,09/06/2015 09:00:16,0.622,0,5,No discharge at this sample point (1 Good)
LK1DS_ 112km,10/06/2015 09:00:16,0.621,0,5,No discharge at this sample point (1 Good)
LK1DS_ 112km,11/06/2015 09:00:16,0.600,0,5,No discharge at this sample point (1 Good)
LK1DS_ 112km,12/06/2015 09:00:16,0.601,0,5,No discharge at this sample point (1 Good)
LK1DS_ 112km,13/06/2015 09:00:16,0.590,0,5,No discharge at this sample point (1 Good)
LK1DS_ 112km,14/06/2015 09:00:16,0.587,0,5,No discharge at this sample point (1 Good)
LK1DS_ 112km,15/06/2015 09:00:16,0.599,0,5,No discharge at this sample point (1 Good)
LK1DS_ 112km,16/06/2015 09:00:16,0.610,0,5,No discharge at this sample point (1 Good)
LK1DS_ 112km,17/06/2015 09:00:16,0.618,0,5,No discharge at this sample point (1 Good)
LK1DS_ 112km,18/06/2015 09:00:16,0.635,0,5,No discharge at this sample point (1 Good)
LK1DS_ 112km,19/06/2015 09:00:16,0.662,0,5,No discharge at this sample point (1 Good)
LK1DS_ 112km,20/06/2015 09:00:16,0.620,0,5,No discharge at this sample point (1 Good)
LK1DS_ 112km,21/06/2015 09:00:16,0.609,0,5,No discharge at this sample point (1 Good)
LK1DS_ 112km,22/06/2015 09:00:16,0.529,0,5,No discharge at this sample point (1 Good)
LK1DS_ 112km,23/06/2015 09:00:16,0.532,0,5,No discharge at this sample point (1 Good)
LK1DS_ 112km,24/06/2015 09:00:16,0.618,0,5,No discharge at this sample point (1 Good)
LK1DS_ 112km,25/06/2015 09:00:16,0.654,0,5,No discharge at this sample point (1 Good)
LK1DS_ 112km,26/06/2015 09:00:16,0.627,0,5,No discharge at this sample point (1 Good)
LK1DS_ 112km,27/06/2015 09:00:16,0.618,0,5,No discharge at this sample point (1 Good)
LK1DS_ 112km,28/06/2015 09:00:16,0.619,0,5,No discharge at this sample point (1 Good)
LK1DS_ 112km,29/06/2015 09:00:16,0.622,0,5,No discharge at this sample point (1 Good)
LK1DS_ 112km,30/06/2015 09:00:16,0.629,0,5,No discharge at this sample point (1 Good)
LK1DS_73km,01/06/2015 09:00:17,0.663,0,5,No discharge at this sample point (1 Good)
LK1DS_73km,02/06/2015 09:00:17,0.636,0,5,No discharge at this sample point (1 Good)
LK1DS_73km,03/06/2015 09:00:17,0.631,0,5,No discharge at this sample point (1 Good)
LK1DS_73km,04/06/2015 09:00:17,0.607,0,5,No discharge at this sample point (1 Good)
LK1DS_73km,05/06/2015 09:00:17,0.694,0,5,No discharge at this sample point (1 Good)
LK1DS_73km,06/06/2015 09:00:17,0.646,0,5,No discharge at this sample point (1 Good)
LK1DS_73km,07/06/2015 09:00:17,0.622,0,5,No discharge at this sample point (1 Good)
LK1DS_73km,08/06/2015 09:00:17,0.633,0,5,No discharge at this sample point (1 Good)
LK1DS_73km,09/06/2015 09:00:17,0.671,0,5,No discharge at this sample point (1 Good)
LK1DS_73km,10/06/2015 09:00:17,0.660,0,5,No discharge at this sample point (1 Good)
LK1DS_73km,11/06/2015 09:00:17,0.644,0,5,No discharge at this sample point (1 Good)
LK1DS_73km,12/06/2015 09:00:17,0.645,0,5,No discharge at this sample point (1 Good)
LK1DS_73km,13/06/2015 09:00:17,0.639,0,5,No discharge at this sample point (1 Good)
LK1DS_73km,14/06/2015 09:00:17,0.636,0,5,No discharge at this sample point (1 Good)
LK1DS_73km,15/06/2015 09:00:17,0.644,0,5,No discharge at this sample point (1 Good)
LK1DS_73km,16/06/2015 09:00:17,0.656,0,5,No discharge at this sample point (1 Good)
LK1DS_73km,17/06/2015 09:00:17,0.662,0,5,No discharge at this sample point (1 Good)
LK1DS_73km,18/06/2015 09:00:17,0.680,0,5,No discharge at this sample point (1 Good)
LK1DS_73km,19/06/2015 09:00:17,0.701,0,5,No discharge at this sample point (1 Good)
LK1DS_73km,20/06/2015 09:00:17,0.672,0,5,No discharge at this sample point (1 Good)
LK1DS_73km,21/06/2015 09:00:17,0.653,0,5,No discharge at this sample point (1 Good)
LK1DS_73km,22/06/2015 09:00:17,0.592,0,5,No discharge at this sample point (1 Good)
LK1DS_73km,23/06/2015 09:00:17,0.578,0,5,No discharge at this sample point (1 Good)
LK1DS_73km,24/06/2015 09:00:17,0.660,0,5,No discharge at this sample point (1 Good)
LK1DS_73km,25/06/2015 09:00:17,0.706,0,5,No discharge at this sample point (1 Good)
LK1DS_73km,26/06/2015 09:00:17,0.685,0,5,No discharge at this sample point (1 Good)
LK1DS_73km,27/06/2015 09:00:17,0.666,0,5,No discharge at this sample point (1 Good)
LK1DS_73km,28/06/2015 09:00:17,0.665,0,5,No discharge at this sample point (1 Good)
LK1DS_73km,29/06/2015 09:00:17,0.668,0,5,No discharge at this sample point (1 Good)
LK1DS_73km,30/06/2015 09:00:17,0.675,0,5,No discharge at this sample point (1 Good)
CHOW_DSMON,01/06/2015 09:00:18,16.296,2584.3,1,Good (1 Good)
CHOW_DSMON,02/06/2015 09:00:18,16.294,2583.9,1,Good (1 Good)
CHOW_DSMON,03/06/2015 09:00:18,16.289,2518.4,1,Good (1 Good)
CHOW_DSMON,04/06/2015 09:00:18,16.282,2489.5,1,Good (1 Good)
CHOW_DSMON,05/06/2015 09:00:18,16.270,2501.1,1,Good (1 Good)
CHOW_DSMON,06/06/2015 09:00:18,16.267,2589.5,1,Good (1 Good)
CHOW_DSMON,07/06/2015 09:00:18,16.272,2641.8,1,Good (1 Good)
CHOW_DSMON,08/06/2015 09:00:18,16.284,2761.3,1,Good (1 Good)
CHOW_DSMON,09/06/2015 09:00:18,16.294,2803.0,1,Good (1 Good)
CHOW_DSMON,10/06/2015 09:00:18,16.300,2810.7,1,Good (1 Good)
CHOW_DSMON,11/06/2015 09:00:18,16.293,2536.6,1,Good (1 Good)
CHOW_DSMON,12/06/2015 09:00:18,16.289,2485.0,1,Good (1 Good)
CHOW_DSMON,13/06/2015 09:00:18,16.289,2716.2,1,Good (1 Good)
CHOW_DSMON,14/06/2015 09:00:18,16.293,2817.3,1,Good (1 Good)
CHOW_DSMON,15/06/2015 09:00:18,16.302,2824.2,1,Good (1 Good)
CHOW_DSMON,16/06/2015 09:00:18,16.317,2912.8,1,Good (1 Good)
CHOW_DSMON,17/06/2015 09:00:18,16.302,2817.0,1,Good (1 Good)
CHOW_DSMON,18/06/2015 09:00:18,16.295,2671.1,1,Good (1 Good)
CHOW_DSMON,19/06/2015 09:00:18,16.294,2729.0,1,Good (1 Good)
CHOW_DSMON,20/06/2015 09:00:18,16.293,2735.7,1,Good (1 Good)
CHOW_DSMON,21/06/2015 09:00:18,16.292,2726.1,1,Good (1 Good)
CHOW_DSMON,22/06/2015 09:00:18,16.288,2735.0,1,Good (1 Good)
CHOW_DSMON,23/06/2015 09:00:18,16.288,2716.9,1,Good (1 Good)
CHOW_DSMON,24/06/2015 09:00:18,16.295,2772.2,1,Good (1 Good)
CHOW_DSMON,25/06/2015 09:00:18,16.298,2794.2,1,Good (1 Good)
CHOW_DSMON,26/06/2015 09:00:18,16.298,2766.4,1,Good (1 Good)
CHOW_DSMON,27/06/2015 09:00:18,16.296,2779.5,1,Good (1 Good)
CHOW_DSMON,28/06/2015 09:00:18,16.299,2821.3,1,Good (1 Good)
CHOW_DSMON,29/06/2015 09:00:18,16.300,2835.6,1,Good (1 Good)
CHOW_DSMON,30/06/2015 09:00:18,16.299,2806.2,1,Good (1 Good)
LK6DS_620km,01/06/2015 09:00:19,16.236,0,5,Daily discharge not calculated or not available (1 Good)
LK6DS_620km,02/06/2015 09:00:19,16.232, 1535.0,1,Operational Data (1 Good)
LK6DS_620km,03/06/2015 09:00:19,16.221, 1488.5,1,Operational Data (1 Good)
LK6DS_620km,04/06/2015 09:00:19,16.207, 1469.0,1,Operational Data (1 Good)
LK6DS_620km,05/06/2015 09:00:19,16.192, 1261.0,1,Operational Data (1 Good)
LK6DS_620km,06/06/2015 09:00:19,16.187, 1058.5,1,Operational Data (1 Good)
LK6DS_620km,07/06/2015 09:00:19,16.192, 1117.5,1,Operational Data (1 Good)
LK6DS_620km,08/06/2015 09:00:19,16.205, 1196.5,1,Operational Data (1 Good)
LK6DS_620km,09/06/2015 09:00:19,16.224, 1219.0,1,Operational Data (1 Good)
LK6DS_620km,10/06/2015 09:00:19,16.239, 1196.5,1,Operational Data (1 Good)
LK6DS_620km,11/06/2015 09:00:19,16.225, 1194.0,1,Operational Data (1 Good)
LK6DS_620km,12/06/2015 09:00:19,16.215, 1233.5,1,Operational Data (1 Good)
LK6DS_620km,13/06/2015 09:00:19,16.211, 1239.0,1,Operational Data (1 Good)
LK6DS_620km,14/06/2015 09:00:19,16.218, 1230.5,1,Operational Data (1 Good)
LK6DS_620km,15/06/2015 09:00:19,16.235, 1245.0,1,Operational Data (1 Good)
LK6DS_620km,16/06/2015 09:00:19,16.247, 1217.0,1,Operational Data (1 Good)
LK6DS_620km,17/06/2015 09:00:19,16.237, 1133.5,1,Operational Data (1 Good)
LK6DS_620km,18/06/2015 09:00:19,16.223, 1108.5,1,Operational Data (1 Good)
LK6DS_620km,19/06/2015 09:00:19,16.224, 1166.0,1,Operational Data (1 Good)
LK6DS_620km,20/06/2015 09:00:19,16.223, 1179.5,1,Operational Data (1 Good)
LK6DS_620km,21/06/2015 09:00:19,16.219, 1160.0,1,Operational Data (1 Good)
LK6DS_620km,22/06/2015 09:00:19,16.211, 1185.5,1,Operational Data (1 Good)
LK6DS_620km,23/06/2015 09:00:19,16.212, 1216.5,1,Operational Data (1 Good)
LK6DS_620km,24/06/2015 09:00:19,16.225, 1196.5,1,Operational Data (1 Good)
LK6DS_620km,25/06/2015 09:00:19,16.233, 1177.0,1,Operational Data (1 Good)
LK6DS_620km,26/06/2015 09:00:19,16.228, 1191.0,1,Operational Data (1 Good)
LK6DS_620km,27/06/2015 09:00:19,16.226, 1239.5,1,Operational Data (1 Good)
LK6DS_620km,28/06/2015 09:00:19,16.231, 1282.5,1,Operational Data (1 Good)
LK6DS_620km,29/06/2015 09:00:19,16.233, 1276.5,1,Operational Data (1 Good)
LK6DS_620km,30/06/2015 09:00:19,16.232, 1245.0,1,Operational Data (1 Good)
LK5DS_563km,01/06/2015 09:00:20,13.309,0,5,Daily discharge not calculated or not available (1 Good)
LK5DS_563km,02/06/2015 09:00:20,13.314, 3499.0,1,Operational Data (1 Good)
LK5DS_563km,03/06/2015 09:00:20,13.312, 3461.5,1,Operational Data (1 Good)
LK5DS_563km,04/06/2015 09:00:20,13.307, 3409.0,1,Operational Data (1 Good)
LK5DS_563km,05/06/2015 09:00:20,13.297, 3153.0,1,Operational Data (1 Good)
LK5DS_563km,06/06/2015 09:00:20,13.299, 2912.0,1,Operational Data (1 Good)
LK5DS_563km,07/06/2015 09:00:20,13.299, 2955.0,1,Operational Data (1 Good)
LK5DS_563km,08/06/2015 09:00:20,13.303, 3055.5,1,Operational Data (1 Good)
LK5DS_563km,09/06/2015 09:00:20,13.314, 3149.5,1,Operational Data (1 Good)
LK5DS_563km,10/06/2015 09:00:20,13.324, 3201.0,1,Operational Data (1 Good)
LK5DS_563km,11/06/2015 09:00:20,13.324, 3172.0,1,Operational Data (1 Good)
LK5DS_563km,12/06/2015 09:00:20,13.319, 3106.0,1,Operational Data (1 Good)
LK5DS_563km,13/06/2015 09:00:20,13.317, 3113.0,1,Operational Data (1 Good)
LK5DS_563km,14/06/2015 09:00:20,13.317, 3164.0,1,Operational Data (1 Good)
LK5DS_563km,15/06/2015 09:00:20,13.323, 3261.0,1,Operational Data (1 Good)
LK5DS_563km,16/06/2015 09:00:20,13.336, 3373.5,1,Operational Data (1 Good)
LK5DS_563km,17/06/2015 09:00:20,13.338, 3358.0,1,Operational Data (1 Good)
LK5DS_563km,18/06/2015 09:00:20,13.335, 3209.0,1,Operational Data (1 Good)
LK5DS_563km,19/06/2015 09:00:20,13.330, 3113.0,1,Operational Data (1 Good)
LK5DS_563km,20/06/2015 09:00:20,13.324, 3127.5,1,Operational Data (1 Good)
LK5DS_563km,21/06/2015 09:00:20,13.320, 3135.0,1,Operational Data (1 Good)
LK5DS_563km,22/06/2015 09:00:20,13.314, 3151.5,1,Operational Data (1 Good)
LK5DS_563km,23/06/2015 09:00:20,13.312, 3180.5,1,Operational Data (1 Good)
LK5DS_563km,24/06/2015 09:00:20,13.317, 3201.0,1,Operational Data (1 Good)
LK5DS_563km,25/06/2015 09:00:20,13.326, 3216.0,1,Operational Data (1 Good)
LK5DS_563km,26/06/2015 09:00:20,13.326, 3216.0,1,Operational Data (1 Good)
LK5DS_563km,27/06/2015 09:00:20,13.327, 3208.5,1,Operational Data (1 Good)
LK5DS_563km,28/06/2015 09:00:20,13.326, 3231.0,1,Operational Data (1 Good)
LK5DS_563km,29/06/2015 09:00:20,13.327, 3275.5,1,Operational Data (1 Good)
LK5DS_563km,30/06/2015 09:00:20,13.327, 3282.5,1,Operational Data (1 Good)
LK4DS_516km,01/06/2015 09:00:21,10.206,0,5,Daily discharge not calculated or not available (2 Fair - Estimated)
LK4DS_516km,02/06/2015 09:00:21,10.203, 3522.0,1,Operational Data (2 Fair - Estimated)
LK4DS_516km,03/06/2015 09:00:21,10.202, 3568.0,1,Operational Data (2 Fair - Estimated)
LK4DS_516km,04/06/2015 09:00:21,10.196, 3583.0,1,Operational Data (2 Fair - Estimated)
LK4DS_516km,05/06/2015 09:00:21,10.113, 3329.5,1,Operational Data (2 Fair - Estimated)
LK4DS_516km,06/06/2015 09:00:21,10.076, 3110.0,1,Operational Data (2 Fair - Estimated)
LK4DS_516km,07/06/2015 09:00:21,10.086, 3180.0,1,Operational Data (2 Fair - Estimated)
LK4DS_516km,08/06/2015 09:00:21,10.086, 3229.5,1,Operational Data (2 Fair - Estimated)
LK4DS_516km,09/06/2015 09:00:21,10.091, 3323.0,1,Operational Data (2 Fair - Estimated)
LK4DS_516km,10/06/2015 09:00:21,10.096, 3410.0,1,Operational Data (2 Fair - Estimated)
LK4DS_516km,11/06/2015 09:00:21,10.100, 3446.5,1,Operational Data (2 Fair - Estimated)
LK4DS_516km,12/06/2015 09:00:21,10.093, 3461.0,1,Operational Data (2 Fair - Estimated)
LK4DS_516km,13/06/2015 09:00:21,10.092, 3475.5,1,Operational Data (2 Fair - Estimated)
LK4DS_516km,14/06/2015 09:00:21,10.088, 3468.0,1,Operational Data (2 Fair - Estimated)
LK4DS_516km,15/06/2015 09:00:21,10.089, 3550.0,1,Operational Data (2 Fair - Estimated)
LK4DS_516km,16/06/2015 09:00:21,10.113, 3722.5,1,Operational Data (2 Fair - Estimated)
LK4DS_516km,17/06/2015 09:00:21,10.121, 3783.0,1,Operational Data (2 Fair - Estimated)
LK4DS_516km,18/06/2015 09:00:21,10.114, 3707.0,1,Operational Data (2 Fair - Estimated)
LK4DS_516km,19/06/2015 09:00:21,10.088, 3609.0,1,Operational Data (2 Fair - Estimated)
LK4DS_516km,20/06/2015 09:00:21,10.077, 3571.0,1,Operational Data (2 Fair - Estimated)
LK4DS_516km,21/06/2015 09:00:21,10.066, 3541.5,1,Operational Data (2 Fair - Estimated)
LK4DS_516km,22/06/2015 09:00:21,10.066, 3542.5,1,Operational Data (2 Fair - Estimated)
LK4DS_516km,23/06/2015 09:00:21,10.063, 3535.0,1,Operational Data (2 Fair - Estimated)
LK4DS_516km,24/06/2015 09:00:21,10.043, 3505.0,1,Operational Data (2 Fair - Estimated)
LK4DS_516km,25/06/2015 09:00:21,10.042, 3542.0,1,Operational Data (2 Fair - Estimated)
LK4DS_516km,26/06/2015 09:00:21,10.041, 3594.0,1,Operational Data (2 Fair - Estimated)
LK4DS_516km,27/06/2015 09:00:21,10.046, 3609.0,1,Operational Data (2 Fair - Estimated)
LK4DS_516km,28/06/2015 09:00:21,10.039, 3601.5,1,Operational Data (2 Fair - Estimated)
LK4DS_516km,29/06/2015 09:00:21,10.034, 3616.5,1,Operational Data (2 Fair - Estimated)
LK4DS_516km,30/06/2015 09:00:21,10.031, 3639.0,1,Operational Data (2 Fair - Estimated)
LK3DS_431km,01/06/2015 09:00:22,6.250,0,5,Daily discharge not calculated or not available (1 Good)
LK3DS_431km,02/06/2015 09:00:22,6.230, 3633.0,1,Operational Data (1 Good)
LK3DS_431km,03/06/2015 09:00:22,6.226, 3597.0,1,Operational Data (1 Good)
LK3DS_431km,04/06/2015 09:00:22,6.223, 3583.0,1,Operational Data (1 Good)
LK3DS_431km,05/06/2015 09:00:22,6.252, 3478.5,1,Operational Data (1 Good)
LK3DS_431km,06/06/2015 09:00:22,6.228, 3163.5,1,Operational Data (1 Good)
LK3DS_431km,07/06/2015 09:00:22,6.222, 2939.0,1,Operational Data (1 Good)
LK3DS_431km,08/06/2015 09:00:22,6.224, 3003.0,1,Operational Data (1 Good)
LK3DS_431km,09/06/2015 09:00:22,6.236, 3113.5,1,Operational Data (1 Good)
LK3DS_431km,10/06/2015 09:00:22,6.230, 3146.5,1,Operational Data (1 Good)
LK3DS_431km,11/06/2015 09:00:22,6.217, 3126.5,1,Operational Data (1 Good)
LK3DS_431km,12/06/2015 09:00:22,6.219, 3126.5,1,Operational Data (1 Good)
LK3DS_431km,13/06/2015 09:00:22,6.217, 3160.0,1,Operational Data (1 Good)
LK3DS_431km,14/06/2015 09:00:22,6.222, 3207.0,1,Operational Data (1 Good)
LK3DS_431km,15/06/2015 09:00:22,6.233, 3247.5,1,Operational Data (1 Good)
LK3DS_431km,16/06/2015 09:00:22,6.240, 3268.0,1,Operational Data (1 Good)
LK3DS_431km,17/06/2015 09:00:22,6.247, 3303.0,1,Operational Data (1 Good)
LK3DS_431km,18/06/2015 09:00:22,6.247, 3352.0,1,Operational Data (1 Good)
LK3DS_431km,19/06/2015 09:00:22,6.248, 3337.5,1,Operational Data (1 Good)
LK3DS_431km,20/06/2015 09:00:22,6.236, 3323.5,1,Operational Data (1 Good)
LK3DS_431km,21/06/2015 09:00:22,6.229, 3310.0,1,Operational Data (1 Good)
LK3DS_431km,22/06/2015 09:00:22,6.221, 3295.5,1,Operational Data (1 Good)
LK3DS_431km,23/06/2015 09:00:22,6.216, 3288.5,1,Operational Data (1 Good)
LK3DS_431km,24/06/2015 09:00:22,6.233, 3268.0,1,Operational Data (1 Good)
LK3DS_431km,25/06/2015 09:00:22,6.239, 3281.5,1,Operational Data (1 Good)
LK3DS_431km,26/06/2015 09:00:22,6.234, 3302.0,1,Operational Data (1 Good)
LK3DS_431km,27/06/2015 09:00:22,6.227, 3309.0,1,Operational Data (1 Good)
LK3DS_431km,28/06/2015 09:00:22,6.224, 3323.5,1,Operational Data (1 Good)
LK3DS_431km,29/06/2015 09:00:22,6.220, 3323.5,1,Operational Data (1 Good)
LK3DS_431km,30/06/2015 09:00:22,6.218, 3295.5,1,Operational Data (1 Good)
LK2DS_361km,01/06/2015 09:00:23,3.250,0,5,Daily discharge not calculated or not available (1 Good)
LK2DS_361km,02/06/2015 09:00:23,3.245, 3502.0,1,Operational Data (1 Good)
LK2DS_361km,03/06/2015 09:00:23,3.241, 3471.5,1,Operational Data (1 Good)
LK2DS_361km,04/06/2015 09:00:23,3.235, 3456.5,1,Operational Data (1 Good)
LK2DS_361km,05/06/2015 09:00:23,3.245, 3441.5,1,Operational Data (1 Good)
LK2DS_361km,06/06/2015 09:00:23,3.215, 3179.0,1,Operational Data (1 Good)
LK2DS_361km,07/06/2015 09:00:23,3.209, 2917.0,1,Operational Data (1 Good)
LK2DS_361km,08/06/2015 09:00:23,3.210, 2903.0,1,Operational Data (1 Good)
LK2DS_361km,09/06/2015 09:00:23,3.217, 2910.0,1,Operational Data (1 Good)
LK2DS_361km,10/06/2015 09:00:23,3.225, 2951.5,1,Operational Data (1 Good)
LK2DS_361km,11/06/2015 09:00:23,3.224, 2965.0,1,Operational Data (1 Good)
LK2DS_361km,12/06/2015 09:00:23,3.224, 2937.5,1,Operational Data (1 Good)
LK2DS_361km,13/06/2015 09:00:23,3.224, 2911.5,1,Operational Data (1 Good)
LK2DS_361km,14/06/2015 09:00:23,3.224, 2913.0,1,Operational Data (1 Good)
LK2DS_361km,15/06/2015 09:00:23,3.231, 3002.0,1,Operational Data (1 Good)
LK2DS_361km,16/06/2015 09:00:23,3.238, 3105.5,1,Operational Data (1 Good)
LK2DS_361km,17/06/2015 09:00:23,3.261, 3233.0,1,Operational Data (1 Good)
LK2DS_361km,18/06/2015 09:00:23,3.255, 3324.5,1,Operational Data (1 Good)
LK2DS_361km,19/06/2015 09:00:23,3.253, 3295.0,1,Operational Data (1 Good)
LK2DS_361km,20/06/2015 09:00:23,3.240, 3273.0,1,Operational Data (1 Good)
LK2DS_361km,21/06/2015 09:00:23,3.231, 3244.0,1,Operational Data (1 Good)
LK2DS_361km,22/06/2015 09:00:23,3.217, 3200.0,1,Operational Data (1 Good)
LK2DS_361km,23/06/2015 09:00:23,3.210, 3170.5,1,Operational Data (1 Good)
LK2DS_361km,24/06/2015 09:00:23,3.223, 3156.0,1,Operational Data (1 Good)
LK2DS_361km,25/06/2015 09:00:23,3.238, 3163.5,1,Operational Data (1 Good)
LK2DS_361km,26/06/2015 09:00:23,3.236, 3171.0,1,Operational Data (1 Good)
LK2DS_361km,27/06/2015 09:00:23,3.233, 3156.5,1,Operational Data (1 Good)
LK2DS_361km,28/06/2015 09:00:23,3.232, 3135.0,1,Operational Data (1 Good)
LK2DS_361km,29/06/2015 09:00:23,3.230, 3113.5,1,Operational Data (1 Good)
LK2DS_361km,30/06/2015 09:00:23,3.230, 3106.0,1,Operational Data (1 Good)
LK1DS_274km,01/06/2015 09:00:24,0.660,0,5,Daily discharge not calculated or not available (1 Good)
LK1DS_274km,02/06/2015 09:00:24,0.610, 3572.5,1,Operational Data (1 Good)
LK1DS_274km,03/06/2015 09:00:24,0.601, 3565.5,1,Operational Data (1 Good)
LK1DS_274km,04/06/2015 09:00:24,0.562, 3558.5,1,Operational Data (1 Good)
LK1DS_274km,05/06/2015 09:00:24,0.651, 3488.0,1,Operational Data (1 Good)
LK1DS_274km,06/06/2015 09:00:24,0.630, 3184.5,1,Operational Data (1 Good)
LK1DS_274km,07/06/2015 09:00:24,0.554, 2992.5,1,Operational Data (1 Good)
LK1DS_274km,08/06/2015 09:00:24,0.567, 2979.5,1,Operational Data (1 Good)
LK1DS_274km,09/06/2015 09:00:24,0.613, 2923.0,1,Operational Data (1 Good)
LK1DS_274km,10/06/2015 09:00:24,0.676, 2929.5,1,Operational Data (1 Good)
LK1DS_274km,11/06/2015 09:00:24,0.629, 3011.5,1,Operational Data (1 Good)
LK1DS_274km,12/06/2015 09:00:24,0.621, 3081.5,1,Operational Data (1 Good)
LK1DS_274km,13/06/2015 09:00:24,0.591, 3126.5,1,Operational Data (1 Good)
LK1DS_274km,14/06/2015 09:00:24,0.590, 3146.0,1,Operational Data (1 Good)
LK1DS_274km,15/06/2015 09:00:24,0.601, 3192.0,1,Operational Data (1 Good)
LK1DS_274km,16/06/2015 09:00:24,0.620, 3311.0,1,Operational Data (1 Good)
LK1DS_274km,17/06/2015 09:00:24,0.634, 3661.0,1,Operational Data (1 Good)
LK1DS_274km,18/06/2015 09:00:24,0.676, 3741.0,1,Operational Data (1 Good)
LK1DS_274km,19/06/2015 09:00:24,0.722, 3608.5,1,Operational Data (1 Good)
LK1DS_274km,20/06/2015 09:00:24,0.656, 3608.5,1,Operational Data (1 Good)
LK1DS_274km,21/06/2015 09:00:24,0.631, 3487.5,1,Operational Data (1 Good)
LK1DS_274km,22/06/2015 09:00:24,0.538, 3382.0,1,Operational Data (1 Good)
LK1DS_274km,23/06/2015 09:00:24,0.477, 3262.5,1,Operational Data (1 Good)
LK1DS_274km,24/06/2015 09:00:24,0.613, 3152.0,1,Operational Data (1 Good)
LK1DS_274km,25/06/2015 09:00:24,0.702, 3212.5,1,Operational Data (1 Good)
LK1DS_274km,26/06/2015 09:00:24,0.649, 3340.0,1,Operational Data (1 Good)
LK1DS_274km,27/06/2015 09:00:24,0.618, 3319.5,1,Operational Data (1 Good)
LK1DS_274km,28/06/2015 09:00:24,0.635, 3272.0,1,Operational Data (1 Good)
LK1DS_274km,29/06/2015 09:00:24,0.626, 3279.0,1,Operational Data (1 Good)
LK1DS_274km,30/06/2015 09:00:24,0.637, 3286.0,1,Operational Data (1 Good)
